Title,imdbID
Kopfgeld,tt0117438
King Ralph,tt0102216
Crossing Over - Der Traum von Amerika,tt0924129
Les chambres rouges,tt22207786
Manodrome,tt14813150
Foe,tt8258502
Aporia,tt8511466
The Wrath of Becky,tt20916568
Zola,tt5439812
Die Frau in Schwarz,tt0098672
La Casa Lobo,tt8173728
Tahara,tt11261820
Noah,tt1959490
The Nightmare,tt3317522
Versprochen ist versprochen,tt0116705
The Invitation,tt2400463
Wo die wilden Menschen jagen,tt4698684
Friends: The Reunion,tt11337862
Ein Kater macht Theater,tt0312528
Beaten to Death,tt13852690
'Til Madness Do Us Part,tt3120794
Amos & Andrew - Zwei fast perfekte Chaoten,tt0106266
Rehragout Rendezvous,tt27722620
Drumline - Halbzeit ist Spielzeit,tt0303933
Manhattan Nocturne - Tödliches Spiel,tt3100274
Far Cry,tt0400426
Bloodrayne 3,tt1153546
Bloodrayne 2 - Deliverance,tt0896036
BloodRayne,tt0383222
Dämonen 2,tt0090930
High School Musical 3,tt0962726
Grindhouse,tt0462322
High School Musical 2,tt0810900
High School Musical,tt0475293
Die Tribute von Panem - The Ballad of Songbirds and Snakes,tt10545296
The Marvels,tt10676048
Trolls - Gemeinsam stark,tt14362112
Merry Little Batman,tt15352516
Borgman,tt1954315
Als sie mich fand,tt0455805
Drishyam,tt4430212
Apus Weg ins Leben: Auf der Straße,tt0048473
Die besten Jahre unseres Lebens,tt0036868
Jai Bhim,tt15097216
Kinder des Himmels,tt0118849
Dangal - Die Hoffnung auf den großen Sieg,tt5074352
Taare Zameen Par - Ein Stern auf Erden,tt0986264
Das Geisterhaus,tt0107151
Was geschah wirklich mit Baby Jane?,tt0056687
Kampf der Titanen,tt0082186
Pain Hustlers,tt15257160
Body Snatchers - Die Körperfresser kommen,tt0106452
Creep 2,tt3654796
Früchte des Zorns,tt0032551
Mein Vater und mein Sohn,tt0476735
Die Reise nach Tokio,tt0046438
Yojimbo - Der Leibwächter,tt0055630
Lohn der Angst,tt0046268
Der Schatz der Sierra Madre,tt0040897
Der Vagabund und das Kind,tt0012349
Der unsichtbare Dritte,tt0053125
Zwischen Himmel und Hölle,tt0049117
Nader und Simin - eine Trennung,tt1832382
Das Lehrerzimmer,tt26612950
Killers of the Flower Moon,tt5537002
Ein Offizier und Gentleman,tt0084434
When Evil Lurks,tt16300962
May December,tt13651794
The Holdovers,tt14849194
Hinter Kaifeck,tt1170398
Family Switch,tt14227048
Hours - Wettlauf gegen die Zeit,tt2094018
Inheritance - Ein dunkles Vermächtnis,tt7923220
Das Philadelphia Experiment,tt0087910
Lifeforce - Die tödliche Bedrohung,tt0089489
Die Geistervilla,tt0338094
Ju-on: The Curse 2,tt0330501
Kandahar,tt5761544
Contracted: Phase II,tt4255110
Contracted,tt2281159
Resident Evil: Vendetta,tt5776208
Ju-on: The Curse,tt0330500
Straßen in Flammen,tt0088194
Glanz & Gloria,tt2403877
Joy Ride - The Trip,tt15268244
Die Nacht der Creeps,tt0091630
Die vierte Art,tt1220198
Männer al dente,tt1405810
Rififi,tt0048021
Loving,tt4669986
Glück in kleinen Dosen,tt0406650
Leo,tt5755238
Tripped Up,tt14778172
Jawan,tt15354916
Ghettobusters,tt0095348
Passages,tt16252698
Man on Wire – Der Drahtseilakt,tt1155592
Looking for Eric,tt1242545
Zulu - Blutiges Erbe,tt2249221
303 – Unterwegs zur Liebe,tt5451118
Kill the King,tt3014078
Sly,tt28254460
Die Königin und der Leibarzt,tt1276419
Der Flug des Phoenix,tt0059183
Sympathy for the devil,tt21991654
Von allen Geistern besessen!,tt0100475
The Creator,tt11858890
Kopf über Wasser,tt0116502
Die letzte Metro,tt0080610
Theater Camp,tt21232992
Herbie Fully Loaded - Ein toller Käfer startet durch,tt0400497
Der Killer,tt1136617
She's the One - Eine fürs Leben,tt0117628
Nowhere - Eine Reise an den Abgrund der Seele,tt0119809
Dumb Money - Schnelles Geld,tt13957560
Oppenheimer,tt15398776
Frau ohne Gewissen,tt0036775
Eine Hochzeit zum Verlieben,tt0120888
Freaks - Missgestaltete,tt0022913
Milli Vanilli,tt14666592
Vigilante - Bis zum letzten Atemzug,tt6211976
Der Einsatz,tt0292506
Rächer der Unterwelt,tt0038669
Küssen und andere lebenswichtige Dinge,tt15509244
Conan der Zerstörer,tt0087078
Vier für ein Ave Maria,tt0064860
Pontypool - Radio Zombie,tt1226681
Nimic,tt10651850
Fingernails,tt13968674
Die Grauzone,tt0252480
Die große Liebe meines Lebens,tt0050105
Quiz Lady,tt13405810
Diebinnen,tt21638298
Alles was kommt,tt4120176
Eine Dame verschwindet,tt0030341
Coherence,tt2866360
Terrified,tt7549892
Die gesammelten Peinlichkeiten unserer Eltern in der Reihenfolge ihrer Erstaufführung,tt2097331
Crazy Rich,tt3104988
A Haunting in Venice,tt22687790
Bonnie und Clyde,tt0061418
Fair Play,tt16304446
South Park: Joining the Panderverse,tt29474455
Asterix und die Wikinger,tt0371552
The Battle at Lake Changjin,tt13462900
The Room,tt0368226
The Royal Hotel,tt18363072
Nirgendwo,tt15789472
Five Nights at Freddy's,tt4589218
Close,tt9660502
Der Exorzist: Bekenntnis,tt12921446
L'Auberge Espagnole - Barcelona für ein Jahr,tt0283900
Ballermann 6,tt0118678
Voll normaaal,tt0111640
Psycho Raman,tt5662932
Leviathan,tt2802154
Mexican,tt0236493
Der Sturm,tt0177971
Saw X,tt21807222
Very Good Girls - Die Liebe eines Sommers,tt1931602
Polite Society,tt18257464
Der Fremde,tt0038991
Annie,tt0083564
Ballerina,tt26350277
Frantic,tt0095174
Die drei Musketiere - D'Artagnan,tt12672536
Jesus Revolution,tt10098448
Ideal Home - Ein Vater kommt selten allein,tt5460880
Freedom Writers,tt0463998
Totally Killer - Gefährliches Spiel mit der Zeit,tt11426232
Mortal Kombat Legends: Cage Match,tt22698070
Krieg der Bestatter,tt5648882
Eine Nacht in Casablanca,tt0038777
Reptile,tt13274016
The Expendables 4,tt3291150
Sound of Freedom,tt7599146
Carl's Date,tt26736061
Der Griff nach den Sternen,tt21940010
House - Hausu,tt0076162
Gangster's Paradise: Jerusalema,tt0783532
Ferngully - Christa und Zaks Abenteuer im Regenwald,tt0104254
Geistervilla,tt1695843
Cassandro,tt14954534
Der Womanizer - Die Nacht der Ex-Freundinnen,tt0821640
No One Will Save You,tt14509110
The Equalizer 3 - The Final Chapter,tt17024450
The Nun II,tt10160976
Graf Zaroff - Genie des Bösen,tt0023238
Liebe auf den zweiten Blick,tt1046947
Unheimliche Geschichten,tt0010821
Dick und Doof - Rache ist süß,tt0024852
Die schwarze Katze,tt0024894
Gold,tt0025189
Die Abenteuer des Robin Hood,tt0029843
Jeremiah Johnson,tt0068762
Aushilfsgangster,tt0471042
Super süß und super sexy,tt0253867
God's Creatures,tt10375396
Die Nächte einer schönen Frau,tt0014624
Riff-Piraten,tt0031505
"Lange Beine, kurze Lügen",tt1018818
Blue Jay,tt5912454
Copenhagen,tt2459156
Hatari,tt0056059
Die statistische Wahrscheinlichkeit von Liebe auf den ersten Blick,tt13444014
Strange World,tt10298840
Mission: Impossible - Dead Reckoning Teil Eins,tt9603212
Yi Yi,tt0244316
Muppet Movie,tt0079588
Der phantastische Planet,tt0070544
Gift,tt28912885
Der Rattenfänger,tt28912858
Bottle Shock,tt0914797
Flora and Son,tt25471950
It's Such a Beautiful Day,tt2396224
Der Schwan,tt28912758
Petite Maman - Als wir Kinder waren,tt13204490
Die Klavierspielerin,tt0254686
Hope and Glory,tt0093209
Die unglaubliche Reise in einem verrückten Raumschiff,tt0083530
"Ich sehe was, was du nicht siehst",tt16968450
Augsburger Puppenkiste - Am Samstag kam das Sams zurück,tt0437064
Gran Turismo,tt4495098
Songs From The Second Floor,tt0120263
Vampyr,tt0023649
Im Labyrinth des Schweigens,tt3825638
Bottoms,tt17527468
Diva,tt0082269
Verdammt in alle Ewigkeit,tt0045793
Woyzeck,tt0080149
Lady Macbeth,tt4291600
Gallipoli,tt0082432
Twilight - Biss zum Morgengrauen,tt1099212
New Moon - Biss zur Mittagsstunde,tt1259571
Eclipse - Bis(s) zum Abendrot,tt1325004
Breaking Dawn - Bis(s) zum Ende der Nacht - Teil 1,tt1324999
Breaking Dawn - Bis(s) zum Ende der Nacht - Teil 2,tt1673434
Vampire's Kiss: Ein beißendes Vergnügen,tt0098577
Auf dem Highway ist die Hölle los,tt0082136
Blue Beetle,tt9362930
Der große Buck Howard,tt0460810
Der Aufreißer,tt0497972
Duell,tt0067023
Klang der Stille,tt0424908
Krass,tt0439289
Take This Waltz,tt1592281
Das Leben vor meinen Augen,tt0815178
F wie Fälschung,tt0072962
Talk to Me,tt10638522
Life After Beth,tt2581244
Schwarzer Freitag,tt0032258
Flucht aus Sobibor,tt0092978
Operation: Broken Arrow,tt0115759
Ohne Schuld,tt1217637
Undertow - Im Sog der Rache,tt0360130
The Blackening,tt11703244
Past Lives - In einem anderen Leben,tt13238346
Doggy Style,tt15153532
It Boy - Liebe auf französisch,tt2186812
Der zuckersüße Tod,tt0155776
7 Zwerge - Der Wald ist nicht genug,tt0461642
Bailey – Ein Freund fürs Leben,tt1753383
Sein Name ist Mad Dog,tt0107473
Teenage Mutant Ninja Turtles: Mutant Mayhem,tt8589698
Das Leuchten der Erinnerung,tt3741632
Barbie,tt1517268
Die letzte Fahrt der Demeter,tt1001520
Futurama - Die Ära des Tentakels,tt1054485
Futurama - Bender's Big Score,tt0471711
"Manta, Manta - Zwoter Teil",tt20414228
The Good Neighbor,tt2262315
Saving Face - Liebe und was noch?,tt0384504
The Boogeyman,tt3427252
"Weiblich, ledig, jung sucht...",tt0105414
Du bist sowas von nicht zu meiner Bat-Mizwa eingeladen,tt21276878
Indiana Jones und das Rad des Schicksals,tt1462764
Willkommen in Siegheilkirchen,tt7664100
Niemals Selten Manchmal Immer,tt7772582
Election,tt0126886
"BARDO, die erfundene Chronik einer Handvoll Wahrheiten",tt14176542
Die Eiche - Mein Zuhause,tt10368758
Meg 2 - Die Tiefe,tt9224104
7 Zwerge - Männer allein im Wald,tt0382295
Funny Farm,tt0095188
Das schnelle Geld,tt0417217
Precious - Das Leben ist kostbar,tt0929632
Cobweb,tt9100018
Vampire Nation,tt1464580
Roma,tt6155172
Popstar: Never Stop Never Stopping,tt3960412
The Big Hit,tt0120609
Truck Driver,tt0083000
Please Stand By,tt4652650
Eine zauberhafte Nanny - Knall auf Fall in ein neues Abenteuer,tt1415283
Pixars komplette Kurzfilm Collection: Volume 1,tt4439852
Die Abenteuer von Brigsby Bär,tt5805752
Smoking Causes Coughing,tt15471560
Mistress America,tt2872462
Der Mongole,tt0416044
Darkman,tt0099365
Atemlos vor Angst,tt0076740
Suzume,tt16428256
Elemental,tt15789038
Der Honiggarten - Das Geheimnis der Bienen,tt7241926
X-Men: Dark Phoenix,tt6565702
Boulevard der Dämmerung,tt0043014
Funny Games U.S.,tt0808279
Royal Blue,tt10172266
Teenage Mutant Ninja Turtles: Out of the Shadows,tt3949660
Jersey Girl,tt0300051
All About Lily Chou-Chou,tt0297721
Fahrstuhl zum Schafott,tt0051378
Harakiri,tt0056058
"Oslo, 31. August",tt1736633
Ikiru - Einmal wirklich leben,tt0044741
Olivia Rodrigo: SOUR Prom,tt14955694
Paint,tt14472156
The Adults,tt26443107
The Awakening - Geister der Vergangenheit,tt1687901
Der Rosenkrieg,tt0098621
Suicide Circle,tt0312843
Cure,tt0123948
Creep,tt2428170
Plötzlich Prinzessin,tt0247638
Teenage Mutant Ninja Turtles,tt0453556
Die Wolken von Sils Maria,tt2452254
Blitz: Cop-Killer vs. Killer-Cop,tt1297919
No Hard Feelings,tt15671028
Pathaan,tt12844910
Deadstream,tt12788488
Spider-Man: Across the Spider-Verse,tt9362722
The Quiet Girl,tt15109082
In The Mood For Love,tt0118694
Das verlorene Wochenende,tt0037884
Die Überglücklichen,tt4621872
Radio Rock Revolution,tt1131729
When You Finish Saving the World,tt12121582
Insidious: The Red Door,tt13405778
The Good German - In den Ruinen von Berlin,tt0452624
Johanna von Orléans - Die Passion der Heiligen Johanna,tt0019254
Beach Bum,tt6511932
Ich liebe dich zu Tode,tt0099819
Sie haben Tyrone geklont,tt9873892
Tigerland,tt0170691
EO,tt19652910
"Arielle, die Meerjungfrau",tt5971474
Der tiefste Atemzug,tt24132732
Der Tintenfisch und der Wal,tt0367089
House Bunny,tt0852713
Party Animals - ... wilder geht's nicht!,tt0283111
Sick of Myself,tt18816518
Broker - Familie gesucht,tt13056052
Feuchtgebiete,tt2524674
The Flash,tt0439572
Culpa Mia - Meine Schuld,tt21909764
Exam - Tödliche Prüfung,tt1258197
Der Einzelgänger,tt0083190
Die Coneheads,tt0106598
Transformers: Aufstieg der Bestien,tt5090568
Asteroid City,tt14230388
Hitlerjunge Salomon,tt0099776
Dead Man Walking,tt0112818
Liebe geht durch den Magen,tt3689498
Sonne und Beton,tt13273800
Guardians of the Galaxy Vol. 3,tt6791350
Meuterei auf der Bounty,tt0056264
Arthur und die Minimoys,tt0344854
Am Sonntag bist du tot,tt2234003
Nimona,tt19500164
Repo! The Genetic Opera,tt0963194
Panik im Tokio-Express,tt0080479
Fast & Furious 8,tt4630562
Public Enemy No. 1 - Mordinstinkt,tt1259014
Footsoldier,tt0901507
Ghettogangz 2 - Ultimatum,tt1247640
Hans Zimmer Live in Prague,tt5732482
Knowing - Die Zukunft endet jetzt,tt0448011
Eight for Silver,tt9907782
Teenage Mutant Ninja Turtles,tt1291150
Sister Act - Eine himmlische Karriere,tt0105417
30 über Nacht,tt0337563
Gandhi,tt0083987
Freaky Friday - Ein voll verrückter Freitag,tt0322330
Die Wutprobe,tt0305224
Michael,tt0117038
Mad God,tt15090124
Triple Frontier,tt1488606
Speak No Evil,tt14253846
Skinamarink,tt21307994
Shiva Baby,tt11317142
Shirley,tt8430598
The One I Love,tt2756032
Columbus,tt5990474
Weihnachtsgeschenke von Tiffany,tt16233952
Living - Einmal wirklich leben,tt9051908
I'm Thinking of Ending Things,tt7939766
Empire of Light,tt14402146
Der Tod steht ihr gut,tt0104070
Clueless - Was sonst!,tt0112697
Black Bear,tt9601220
The Woman in the Window,tt6111574
Rebecca,tt0032976
A Girl Walks Home Alone at Night,tt2326554
Crimes of the Future,tt14549466
Brautalarm,tt1478338
Alienoid,tt20168564
Dirty Dancing,tt0092890
Stay Tuned - Mit der Fernbedienung in die Hölle,tt0105466
Afro Samurai: Resurrection,tt1265998
Wo die wilden Kerle wohnen,tt0386117
Rubbeldiekatz,tt1802810
Maggie,tt1881002
Magic in the Moonlight,tt2870756
RRR,tt8178634
Die letzte Rechnung zahlst du selbst,tt0062645
Otto - Der Katastrofenfilm,tt0192407
Otto - Der Liebesfilm,tt0105073
Otto - Der Ausserfriesische,tt0098040
Otto - Der Neue Film,tt0095799
Freaks Out,tt7270808
Holy Spider,tt18550140
Chaplin - Das Leben der unsterblichen Filmlegende,tt0103939
Tyler Rake: Extraction 2,tt12263384
Against the Ice,tt13873302
Ich und Orson Welles,tt1175506
Schwere Jungs,tt0265808
Revenge - Eine gefährliche Affäre,tt0100485
School of Life - Lehrer mit Herz,tt0340331
Die Nibelungen: Siegfrieds Tod,tt0015175
Infinitely Polar Bear,tt1969062
Girl,tt8254556
Limbo,tt14032696
Das Seeungeheuer,tt9288046
Die Nibelungen: Kriemhilds Rache,tt0015174
Wege zum Ruhm,tt0050825
We Want Sex,tt1371155
Beau is Afraid,tt13521006
Fast & Furious 10,tt5433140
W. - Ein missverstandenes Leben,tt1175491
Die roten Schuhe,tt0040725
Frau im Mond,tt0019901
Ausnahmesituation,tt1244659
Sunshine,tt0448134
"Are You There God? It's Me, Margaret.",tt9185206
Queen of Earth,tt3993894
High Life,tt4827558
One Piece Film: Red,tt16183464
Inside,tt14781036
Restless - Nur mit Dir,tt1498569
Du hättest gehen sollen,tt8201852
"Aguirre, der Zorn Gottes",tt0068182
Der Prozess,tt0057427
BlackBerry - Klick einer Generation,tt21867434
Tango und Cash,tt0098439
Nightsiren,tt10334222
Flucht in Ketten,tt0051525
Frozen Ground,tt2005374
Pusher,tt0117407
"Meine Frau, die Spartaner und ich",tt1073498
Spring - Love is a Monster,tt3395184
Barry Lyndon,tt0072684
Die Liebe seines Lebens,tt2058107
"Internal Affairs - Trau' ihm, er ist ein Cop",tt0099850
John Wick: Kapitel 4,tt10366206
Wir sind jung. Wir sind stark.,tt4076058
Gefangen im Netz,tt11900404
Fikkefuchs,tt5275476
Nochmal so wie letzte Nacht,tt0090583
Kartoffelsalat,tt4404474
Ashes Of Time,tt0109688
Wie ein weißer Vogel im Schneesturm,tt2238050
Her Smell,tt7942742
Sisu: Rache ist süss,tt14846026
Plane,tt5884796
Nekromantik,tt0093608
Nekromantik 2,tt0102522
Justice League: Götter und Monster,tt4324302
Rockos modernes Leben: Alles bleibt anders,tt6172460
Die Klasse,tt1068646
Die Klapperschlange,tt0082340
Wie ein wilder Stier,tt0081398
Still,tt19853258
Mamma Mia! - der Film,tt0795421
Mamma Mia! Here We Go Again,tt6911608
Dragon Ball Super: Super Hero,tt14614892
Air - Der grosse Wurf,tt16419074
Bride of Re-Animator,tt0099180
The Covenant,tt4873118
Evil Dead Rise,tt13345606
Die Kunst des toten Mannes,tt7043012
Mirai - Das Mädchen aus der Zukunft,tt6900448
The Guardians of the Galaxy Holiday Special,tt13623136
Filofax - Ich bin du und du bist nichts,tt0103035
Der Super Mario Bros. Film,tt6718170
The Time Machine,tt0268695
"Die Stunde, wenn Dracula kommt",tt0054067
A Good Person,tt14153080
Champions,tt15339570
How to Blow Up a Pipeline,tt21440780
The Pope's Exorcist,tt13375076
Renfield,tt11358390
Dungeons & Dragons: Ehre unter Dieben,tt2906216
Pitch Perfect 2,tt2848292
Pitch Perfect 3,tt4765284
Pitch Perfect - Die Bühne gehört uns!,tt1981677
Der Betatest,tt11738830
Bodyguard,tt0103855
Prayers for Bobby,tt1073510
Die Legende vom Ozeanpianisten,tt0120731
Black Rain,tt0096933
Die Rückkehr der reitenden Leichen,tt0068232
Der Todesking,tt0098486
The Son,tt14458442
Final Cut of the Dead,tt14317880
Die Frau in Gold,tt2404425
Scream 6,tt17663992
"Ein tolles Leben - Hast du keins, nimm dir eins",tt1930546
Beim Leben meiner Schwester,tt1078588
Martin,tt0077914
Bros,tt9731598
Ghosted,tt15326988
Below,tt0276816
Tage am Strand,tt2103267
In der Nacht des 12.,tt16953666
Young Adam - Dunkle Leidenschaft,tt0289635
New World - Zwischen den Fronten,tt2625030
"Kaffee, Milch und Zucker",tt0112571
Sweet Home Alabama - Liebe auf Umwegen,tt0256415
Contraband,tt1524137
Ferdinand - Geht STIERisch ab!,tt3411444
Abschied in der Nacht,tt0073864
Conversation(s) With Other Women,tt0435623
Misfits - Nicht gesellschaftsfähig,tt0055184
Die irre Heldentour des Billy Lynn,tt2513074
Die Kämpferin,tt2284766
65,tt12261776
Die Herzogin,tt0864761
Eighth Grade,tt7014006
Being Flynn,tt0455323
Summerland,tt6841122
Ant-Man and the Wasp: Quantumania,tt10954600
Liebe geht seltsame Wege,tt2639344
Shazam! Fury of the Gods,tt10151854
Terrifier 2,tt10403420
Kleine schmutzige Tricks,tt0301199
Killing Ground,tt4728386
Cocaine Bear,tt14209916
Boston Strangler,tt2560078
Winnie the Pooh: Blood and Honey,tt19623240
Avatar: The Way of Water,tt1630029
Creed III: Rocky's Legacy,tt11145118
Murder Mystery 2,tt15255288
Rye Lane,tt15893750
Tetris,tt12758060
Spiel auf Bewährung,tt0421206
Operation Fortune,tt7985704
Hellraiser,tt0887261
Wahnsinnig verliebt,tt0291579
State of Mind,tt0301976
Die Farbe aus dem All,tt5073642
Chicago,tt0299658
Rheingold,tt15536668
Chopper,tt0221073
Devotion,tt7693316
Honor Society,tt16491324
Monsieur Verdoux - Der Frauenmörder von Paris,tt0039631
Centurion,tt1020558
Fences,tt2671706
The Square,tt4995790
Chloe,tt1352824
Vater der Braut,tt0101862
Zeit zu leben,tt1716777
It Comes at Night,tt4695012
I love my Dad,tt14935966
Wolf Creek 2,tt2004432
Animal Crackers,tt0020640
Die Marx Brothers auf See,tt0022158
Die Marx Brothers im Krieg,tt0023969
Die Marx Brothers in der Uni,tt0023027
Morbius,tt5108870
Evangelion: 3.0+1.01 Thrice Upon A Time,tt2458948
Luther: The Fallen Sun,tt3155298
Missing,tt10855768
Memories,tt0113799
Spring Breakers,tt2101441
The Other Woman,tt1032825
Ein Mann namens Otto,tt7405458
The Forgiven,tt3696180
Die Ausgebufften,tt0072353
Love and a .45,tt0110395
City of McFarland,tt2097298
The Outlaws,tt7468056
Von 5 bis 7 - Eine etwas andere Liebesgeschichte,tt2486678
Magic Mike: The Last Dance,tt16280138
Magic Mike XXL,tt2268016
Wie schreibt man Liebe?,tt2509850
So viele Jahre liebe ich dich,tt1068649
Die Geschichte vom Brandner Kaspar,tt1148770
Watcher,tt12004038
Schmerzensgeld - Wer reich sein will muss leiden,tt1935902
"Lyle - Mein Freund, das Krokodil",tt14668630
The Whale,tt13833688
In einem Land vor unserer Zeit,tt0095489
Die Warriors,tt0080120
Zauberhafte Schwestern,tt0120791
Short Term 12 - Stille Helden,tt2370248
Rubber,tt1612774
Knock at the Cabin,tt15679400
Die Aussprache,tt13669038
Infinity Pool,tt10365998
Phoebe im Wunderland,tt1034325
That Thing You Do!,tt0117887
Wyrmwood: Road of the Dead,tt2535470
Agora - Die Säulen des Himmels,tt1186830
Ein Vogel auf dem Drahtseil,tt0099141
Wild Bill - Vom Leben beschissen!,tt1795702
Der gestiefelte Kater: Der letzte Wunsch,tt3915174
A Single Man,tt1315981
Peter Pan,tt0316396
Colors - Farben der Gewalt,tt0094894
"Jemand, den ich mal kannte",tt15333984
Das Kartell,tt0109444
You Kill Me,tt0796375
Die weiße Rose,tt0084897
Zeit der Zärtlichkeit,tt0086425
The Witch: The Other One,tt13721828
She Said,tt14807308
Instinkt,tt0128278
Alcarràs - Die letzte Ernte,tt11930126
Babylon - Rausch der Ekstase,tt10640346
Suck - Biss zum Erfolg,tt1323605
Vier Brüder,tt0430105
Galveston - Die Hölle ist ein Paradies,tt2315596
Prince Avalanche,tt2195548
An Inspector Calls,tt4271918
Lupin III. vs. Ein Supertrio – Cat’s Eye,tt22192398
Black Panther: Wakanda Forever,tt9114286
Rache auf Texanisch,tt11976532
Weißes Rauschen,tt6160448
You People,tt14826022
Summer Ghost,tt15052770
Mrs. Harris und ein Kleid von Dior,tt5151570
Stadt der Gewalt,tt1075419
Zeiten des Umbruchs,tt10343028
Attack on Titan - Movie Teil 3: Gebrüll des Erwachens,tt7941892
Extrem... mit allen Mitteln,tt0116259
Ein kurzer Film über die Liebe,tt0095467
The Roundup,tt15838850
Kopfüber in die Nacht,tt0089346
M3gan,tt8760708
Paper Man - Zeit erwachsen zu werden,tt0437405
Orphan: First Kill,tt11851548
Defendor,tt1303828
Kleine wahre Lügen,tt1440232
Secret Headquarters - Das geheime Hauptquartier,tt14001894
Die Waffen der Frauen,tt0096463
Certain Women,tt4468634
Die Känguru-Verschwörung,tt14005250
Marcel the Shell with Shoes On,tt15339456
Sleep Tight,tt1437358
So was wie Liebe,tt0391304
Margaret,tt0466893
Bill & Teds verrückte Reise durch die Zeit,tt0096928
Maurice,tt0093512
Mad Heidi,tt2943178
Minamata,tt9179096
Ballroom Dancing - Auf Schicksal folgt Liebe,tt0409034
Shakespeare für Anfänger,tt3913244
Mel Brooks' letzte Verrücktheit: Silent Movie,tt0075222
Das jüngste Gewitter,tt0445336
Dear Elizabeth,tt10584340
Cheyenne - This must be the place,tt1440345
Ravenous - Friß oder stirb,tt0129332
Der denkwürdige Fall des Mr Poe,tt14138650
Mona Lisa and the Blood Moon,tt8760670
Made in Abyss: Seelen der Finsternis,tt10068916
Jackass 2.5,tt1117523
Down with Love - Zum Teufel mit der Liebe!,tt0309530
Made in Abyss: Die Reise beginnt,tt10068158
Made in Abyss: Gefährten der Dämmerung,tt10068544
Nur Samstag Nacht,tt0076666
The Menu,tt9764362
Der Schaum der Tage,tt2027140
In die Tiefe: Der Mord auf dem U-Boot,tt11394296
Jerry und Marge - Die Lottoprofis,tt8323668
Bullet in the Head,tt0099426
Zathura - Ein Abenteuer im Weltraum,tt0406375
Senseless,tt0120820
In a World...,tt2294677
Wie angelt man sich einen Millionär?,tt0045891
Im Blutrausch des Satans,tt0067656
Schlummerland,tt13320662
Tage wie dieser,tt0117247
Linda's Child,tt1838520
Christine,tt4666726
I am You - Mörderische Sehnsucht,tt0995851
Son of a Gun,tt2452200
Baraka,tt0103767
In den Schuhen meiner Schwester,tt0388125
Die Frau im Nebel,tt12477480
Birdy,tt0086969
Coco Chanel - Der Beginn einer Leidenschaft,tt1035736
Die Fabelmans,tt14208870
Aftersun,tt19770238
Vesper Chronicles,tt20225374
Glass Onion: A Knives Out Mystery,tt11564570
Six-String Samurai,tt0118736
Triangle of Sadness,tt7322224
Bones and All,tt10168670
Im Schatten des Zweifels,tt0036342
Schlappe Bullen beißen nicht,tt0092925
Violent Night,tt12003946
Detektiv Conan: Die Halloween-Braut,tt19770970
Attack on Titan - Movie Teil 2: Flügel der Freiheit,tt3646946
After Yang,tt8633464
Freeway,tt0116361
Monsieur Claude und sein großes Fest,tt10405142
Attack on Titan - Movie Teil 1: Feuerroter Pfeil und Bogen,tt3646944
Redacted - Die Wahrheit stirbt zuerst,tt0937237
Beavis and Butt-Head Do the Universe,tt14145426
The Banshees of Inisherin,tt11813216
Venus im Pelz,tt2406252
Guglhupfgeschwader,tt14210958
Nanny Diaries,tt0489237
Mr. Collins' zweiter Frühling,tt1772288
Rasende Herzen,tt2586120
Three Thousand Years of Longing,tt9198364
If Only,tt0332136
Sugarland Express,tt0072226
"Moebius, die Lust, das Messer",tt2942522
Guillermo Del Toros Pinocchio,tt1488589
Space Cowboys,tt0186566
"I'm a Cyborg, But That's OK",tt0497137
Blinder Hass,tt0090770
Cannabis Kid,tt0780548
Army Go Home!,tt0252299
Tod in den Wäldern,tt7149730
Fall: Fear Reaches New Heights,tt15325794
Tár,tt14444726
Amsterdam,tt10304142
Meine Stunden mit Leo,tt13352968
Reichtum ist keine Schande,tt0079367
Der Räuber Hotzenplotz,tt0070618
The Woman King,tt8093700
Berserk - Das goldene Zeitalter II,tt2358911
The Survivor,tt9242528
Spirited,tt10999120
Verwünscht nochmal,tt1596342
"Wenn irgendetwas passiert, liebe ich dich",tt11768948
Cass - Legend of a Hooligan,tt0954981
Ariane - Liebe am Nachmittag,tt0050658
7 Days,tt0445054
Black Adam,tt6443346
Das Wunder,tt9288822
Genauso anders wie ich,tt1230168
Um Klassen besser,tt1870529
The Invitation - Bis dass der Tod uns scheidet,tt12873562
Duplicity - Gemeinsame Geheimsache,tt1135487
Wie klaut man eine Million?,tt0060522
Professor Layton und die ewige Diva,tt1488591
Weird - Die Al Yankovic Story,tt17076046
Band Aid,tt5816374
South Park the Streaming Wars Part 2,tt21198156
South Park the Streaming Wars,tt15783698
Nie wieder Sex mit der Ex,tt0800039
"Eine Frau, die alles weiß",tt0050307
Ein süßer Fratz,tt0050419
Emily the Criminal,tt15255876
Night Moves,tt2043933
The Kindergarten Teacher,tt6952960
Der Spion von nebenan,tt8242084
The Taking of Deborah Logan,tt3387648
Luck,tt7214954
Beyond the Lights,tt3125324
Wendell & Wild,tt5181830
Causeway,tt10192406
Enola Holmes  2,tt14641788
Der Liebhaber meines Mannes,tt13139228
Rebel in the Rye,tt4986134
I am Love,tt1226236
Vanity Fair - Jahrmarkt der Eitelkeiten,tt0241025
Die wundersame Welt des Louis Wain,tt10687506
Weites Land,tt0051411
Belle,tt13651628
Rabbit Hole - Neue Wege,tt0935075
I Am Not A Serial Killer,tt4303340
See How They Run,tt13640696
Robot Chicken - Star Wars: Episode II,tt1334272
Home,tt1014762
The Terror Room,tt10131024
Der Moment der Wahrheit,tt3859076
This Boy's Life,tt0108330
Nachtzug nach Lissabon,tt1654523
Robot Chicken - Star Wars: Episode I,tt1020990
Clerks 3,tt11128440
Im Westen nichts Neues,tt1016150
Terrifier - Ein wirklich böser Clown,tt4281724
Endless Love,tt2318092
My Name Is Bruce,tt0489235
Candy - Reise der Engel,tt0424880
Der Medicus,tt2101473
The Good Nurse,tt4273800
Session 9,tt0261983
Burlesque,tt1126591
Moloch,tt14412446
Ticket ins Paradies,tt14109724
Don't Worry Darling,tt10731256
Mortal Kombat Legends: Schneeblind,tt21477618
Payback - Zahltag,tt0958860
"Men: Was dich sucht, wird dich finden",tt13841850
Dolls,tt0330229
Street Kings,tt0421073
Raymond & Ray,tt15334032
8 Frauen,tt0283832
The School for Good and Evil,tt2935622
Paris-Manhattan,tt1885331
Barbarian,tt15791034
Pearl,tt18925334
Legacy - Das Erbe der Menschheit,tt13983714
Rififi am Karfreitag,tt0081070
Parker,tt1904996
Brassed Off - Mit Pauken und Trompeten,tt0115744
Entergalactic,tt10687116
DC League of Super-Pets,tt8912936
Halloween Ends,tt10665342
Mitten ins Herz,tt0758766
Visioneers - Wer wird denn gleich in die Luft gehen,tt0833557
Clown,tt1780798
Himizu - Dein Schicksal ist vorbestimmt,tt1900893
Doc Hollywood,tt0101745
Following,tt0154506
Robot Chicken - Star Wars: Episode III,tt1691338
Solitary Man,tt1294213
Wer ist Daddy?,tt1966359
Maggies Plan,tt3471098
Ray Donovan: The Movie,tt14124268
Love,tt3774694
Oh Boy,tt1954701
Gimme Shelter,tt1657510
Red Rocket,tt13453006
The Score,tt0227445
Penelope,tt0472160
Werewolf by Night,tt15318872
Sunshine Cleaning,tt0862846
Love & Friendship,tt3068194
Hellraiser: Judgment,tt5476182
Die Kunst zu gewinnen - Moneyball,tt1210166
Smile - Siehst du es auch?,tt15474916
Ich. Bin. So. Glücklich.,tt4595186
Firebird,tt4061620
Der Beste Film aller Zeiten,tt11700260
Gemma Bovery - Ein Sommer mit Flaubert,tt2788556
Athena,tt15445056
Studio 666,tt15374070
Eyes Wide Shut,tt0120663
You Won't Be Alone,tt8296030
Juniper,tt11599576
Live by Night,tt2361317
Lieber verliebt,tt1205535
Life Partners,tt2870808
Nacht und Nebel,tt0048434
The Greatest Beer Run Ever,tt10268488
Hocus Pocus 2,tt11909878
Liebe und Eis,tt0104040
Nathalie küsst,tt1828995
Unstoppable,tt9225192
On the Job - Showdown in Manila,tt2717558
Hatching,tt12519030
Being Charlie - Zurück ins Leben,tt4630444
Blond,tt1655389
Zero Fucks Given,tt13482806
Ben X,tt0953318
Die Farbe des Geldes,tt0090863
City of Lies,tt2677722
Flirting with Disaster - Ein Unheil kommt selten allein,tt0116324
"New York, New York",tt0076451
Niagara,tt0046126
Election,tt0434008
Bullet Train,tt12593682
"Hilfe, die Amis kommen!",tt0089670
Bodies Bodies Bodies,tt8110652
Hilde,tt0809432
Berserk - Das goldene Zeitalter,tt2210479
Holy Motors,tt2076220
Violet Evergarden und das Band der Freundschaft,tt10477558
Kidnapping Freddy Heineken,tt2917388
Was für ein Genie!,tt0089886
Kicking Off - Anstoß zur 3. Halbzeit,tt2643308
Feed The Fish,tt1354687
Out of this World,tt12128038
Der Kontrakt des Zeichners,tt0083851
9½ Wochen,tt0091635
Father Stu,tt14439896
Under Your Bed,tt9855728
Oktober November,tt3121050
Sadistico,tt0067588
Fesseln der Macht,tt0083232
African Queen,tt0043265
Spiel auf Zeit,tt0120832
Agent Cody Banks,tt0313911
Das Cabinet des Dr. Caligari,tt0010323
Sundown - Geheimnisse in Acapulco,tt15115280
Karate Tiger 3 - Der Kickboxer,tt0097659
Embattled,tt6539992
Project Almanac,tt2436386
Das Zimmer meines Sohnes,tt0208990
Do Revenge,tt13327038
"Meine beste Freundin, ihre Schwester und ich",tt1742336
Der Gesang der Flusskrebse,tt9411972
Kirschblüten - Hanami,tt0910559
Faces in the Crowd,tt1536410
Lucky Trouble - Der Trainer will heiraten,tt1682187
Massive Talent,tt11291274
Der Leichendieb,tt0037549
Hexensabbat,tt0076683
Once Upon a Time in Anatolia,tt1827487
Journey of Love - Das wahre Abenteuer ist die Liebe,tt1862079
South Park: Post COVID: The Return of COVID,tt16375288
South Park: Post COVID,tt15005868
Mad Circus – Eine Ballade von Liebe und Tod,tt1572491
Monsters,tt1470827
Brubaker,tt0080474
Bad Samaritan - Im Visier des Killers,tt3203528
Lucky Them - Auf der Suche nach Matthew Smith,tt1885299
Picknick mit Bären,tt1178665
Enemies - Welcome to the Punch,tt1684233
Villains,tt6378710
Master and Commander - Bis ans Ende der Welt,tt0311113
Out of Sight,tt0120780
Studio 54,tt0120577
Rocketeer,tt0102803
Englisch für Anfänger,tt2181931
Onibaba - Die Töterinnen,tt0058430
Thor: Love and Thunder,tt10648342
Erbarmungslos,tt0105695
Pinocchio,tt4593060
Mit besten Absichten,tt4501454
Metropia,tt0985058
Linda Lovelace - Pornostar,tt1426329
Michael Collins,tt0117039
The Lady - Ein geteiltes Herz,tt1802197
Loving Pablo,tt4682788
Briefe an Gott - Letters to God,tt1462054
Lucía und der Sex,tt0254455
"Good Night, and Good Luck.",tt0433383
Punch-Drunk Love,tt0272338
Obsessed - Im Feuer der Lust,tt3303730
Die Liebe ist stark,tt11365186
Cop Secret,tt13882736
You're Fired!,tt0362590
Grasgeflüster,tt0195234
Loft - Tödliche Affären,tt0926762
Meet the Rizzos,tt1174730
Die Novizin,tt11131464
Miss Daisy und ihr Chauffeur,tt0097239
"Mein Ein, mein Alles",tt3478962
Nurejew - The White Crow,tt5460858
Mavericks - Lebe deinen Traum,tt1629757
Blue in the Face - Alles blauer Dunst,tt0112541
Mike and Dave Need Wedding Dates,tt2823054
Augsburger Puppenkiste - Eine Woche voller Samstage,tt0281374
Ondine - Das Mädchen aus dem Meer,tt1235796
Streetfighters,tt0084867
A Crooked Somebody,tt5922124
Machtlos,tt0804522
Ein Tag in Middleton,tt1483324
Ein Sommernachtstraum,tt0140379
Rosa Luxemburg,tt0091869
Zurück aus der Vergangenheit,tt0089265
Liebe,tt1602620
Samaritan,tt5500218
Legendary - In jedem steckt ein Held,tt1563704
Get On Up,tt2473602
Geständnisse - Confessions of a Dangerous Mind,tt0270288
Joe - Die Rache ist sein,tt2382396
Bad Trip,tt9684220
Geliebte Jane,tt0416508
Cyntoia Brown: Die Geschichte einer begnadigten Mörderin,tt9050898
Nope,tt10954984
Natürlich blond,tt0250494
Windtalkers,tt0245562
Top Gun: Maverick,tt1745960
Zwei an einem Tag,tt1563738
Auf der Jagd,tt0120873
Red Eye - Nachtflug in den Tod,tt0421239
"Der Mann, der vom Himmel fiel",tt0074851
Lightning Bug,tt0363768
Gigantisch,tt1176251
Katzenmenschen,tt0034587
Dark Society,tt0098354
Der Manchurian Kandidat,tt0368008
Der schlimmste Mensch der Welt,tt10370710
Wolf Creek,tt0416315
Ben & Mickey vs. The Dead,tt2272350
Summer of Sam,tt0162677
Ferry,tt14217100
Poliezei,tt1661420
The Champ,tt0416185
Miracle Season - Ihr grösster Sieg,tt5427194
